Residue,WT,Substitution,average
19,S,A,0.060672613
19,S,C,-1.169052119
19,S,D,-1.353322083
19,S,E,-1.436495922
19,S,F,1.132165931
19,S,G,-1.359747113
19,S,H,-0.149969838
19,S,I,0.771411093
19,S,K,-0.592496328
19,S,L,-0.494504888
19,S,M,-0.548024831
19,S,N,-0.388529563
19,S,P,2.327818365
19,S,Q,-1.455633413
19,S,R,-0.515464051
19,S,S,0
19,S,T,0.719980647
19,S,V,1.088757967
19,S,W,1.069376164
19,S,Y,1.049411373
19,S,-,-2.67726036
20,T,A,-0.013816544
20,T,C,-0.684955991
20,T,D,-0.748366315
20,T,E,-0.246302561
20,T,F,-1.597901892
20,T,G,-0.290055668
20,T,H,-1.136443844
20,T,I,-1.148803571
20,T,K,-0.920602171
20,T,L,-1.006854156
20,T,M,-0.977952145
20,T,N,-0.402500874
20,T,P,-0.553136841
20,T,Q,-0.972196477
20,T,R,-0.404784847
20,T,S,0.096678523
20,T,T,0
20,T,V,-0.692078268
20,T,W,-1.523738089
20,T,Y,-1.713498776
20,T,-,-2.704776825
21,I,A,-1.189852083
21,I,C,-1.232392366
21,I,D,-1.116833878
21,I,E,-1.146353957
21,I,F,-1.290957759
21,I,G,0.068094246
21,I,H,-1.265503494
21,I,I,0
21,I,K,-1.634692895
21,I,L,-1.364654735
21,I,M,-1.880202704
21,I,N,-1.004783467
21,I,P,-0.772630209
21,I,Q,-1.120580728
21,I,R,-2.157294699
21,I,S,-0.949282291
21,I,T,0.072108031
21,I,V,0.697012397
21,I,W,-2.13379294
21,I,Y,-1.126019528
21,I,-,-2.493428561
22,E,A,-1.349723052
22,E,C,-0.893973798
22,E,D,0.366921281
22,E,E,0
22,E,F,-0.582269178
22,E,G,-0.536418178
22,E,H,-0.921566287
22,E,I,-1.020729762
22,E,K,-0.846913524
22,E,L,-0.2065788
22,E,M,-1.102812811
22,E,N,-1.62965191
22,E,P,-1.436860905
22,E,Q,0.541614743
22,E,R,-1.704893186
22,E,S,-0.939789286
22,E,T,0.88448204
22,E,V,-1.147760356
22,E,W,-1.625938799
22,E,Y,-0.615086186
22,E,-,-3.006384128
23,E,A,-0.040874898
23,E,C,0.872385261
23,E,D,0.300275173
23,E,E,0
23,E,F,1.866146538
23,E,G,0.595429103
23,E,H,0.225510483
23,E,I,-0.500139094
23,E,K,0.647777027
23,E,L,0.248271868
23,E,M,0.848188898
23,E,N,0.700091755
23,E,P,-0.40666475
23,E,Q,0.903554081
23,E,R,0.235217823
23,E,S,0.488574367
23,E,T,0.857332908
23,E,V,0.044201469
23,E,W,0.280470265
23,E,Y,-0.143240823
23,E,-,-2.103746082
24,Q,A,-1.844535428
24,Q,C,-1.755290647
24,Q,D,-2.339595423
24,Q,E,-0.891653952
24,Q,F,-2.371839701
24,Q,G,-1.775548974
24,Q,H,-1.263367
24,Q,I,-2.185156559
24,Q,K,-1.590010053
24,Q,L,-1.308850957
24,Q,M,-1.200372254
24,Q,N,-2.326883839
24,Q,P,-0.152124509
24,Q,Q,0
24,Q,R,-1.577833252
24,Q,S,-1.819430118
24,Q,T,1.573178331
24,Q,V,-1.88008007
24,Q,W,-1.130529961
24,Q,Y,-3.380771932
24,Q,-,-2.374840779
25,A,A,0
25,A,C,-0.83866519
25,A,D,-1.866455989
25,A,E,-1.921010645
25,A,F,1.223831675
25,A,G,-0.35687738
25,A,H,-2.615729782
25,A,I,0.932977403
25,A,K,-1.533705307
25,A,L,-1.485013844
25,A,M,-1.507628443
25,A,N,-2.154982857
25,A,P,-1.984527148
25,A,Q,-3.772782998
25,A,R,-1.890925635
25,A,S,-0.516751171
25,A,T,1.426378295
25,A,V,2.742407569
25,A,W,-2.949431263
25,A,Y,-1.535361565
25,A,-,-3.537102611
26,K,A,1.616068319
26,K,C,-0.083609161
26,K,D,1.87168281
26,K,E,0.573492928
26,K,F,-0.533372083
26,K,G,-0.403403595
26,K,H,-0.336735014
26,K,I,1.72104616
26,K,K,0
26,K,L,0.153540356
26,K,M,0.17699308
26,K,N,0.115554609
26,K,P,-1.576124937
26,K,Q,0.369143399
26,K,R,1.229246696
26,K,S,0.696515281
26,K,T,0.59391225
26,K,V,1.416486608
26,K,W,-0.148340173
26,K,Y,-1.02907945
26,K,-,-2.047786805
27,T,A,2.113424949
27,T,C,2.416058053
27,T,D,2.102280113
27,T,E,-2.136211917
27,T,F,2.29411711
27,T,G,-2.05994115
27,T,H,2.337142078
27,T,I,-0.272447974
27,T,K,1.65168607
27,T,L,2.845073871
27,T,M,2.554520658
27,T,N,-0.17308296
27,T,P,0.508105724
27,T,Q,-0.752446705
27,T,R,0.253123244
27,T,S,0.765747546
27,T,T,0
27,T,V,-1.118025671
27,T,W,2.105297033
27,T,Y,2.696162285
27,T,-,-3.542691994
28,F,A,-1.816917049
28,F,C,-1.934251937
28,F,D,-1.84083786
28,F,E,-3.287141514
28,F,F,0
28,F,G,-2.459403583
28,F,H,-2.572818402
28,F,I,-1.607994425
28,F,K,-3.337257454
28,F,L,-1.532870438
28,F,M,-1.348871458
28,F,N,-2.42854914
28,F,P,-1.523697889
28,F,Q,-2.362805991
28,F,R,-1.993980002
28,F,S,-1.645622365
28,F,T,-1.778153217
28,F,V,-2.052514658
28,F,W,-0.994465843
28,F,Y,0.804816895
28,F,-,-3.263209403
29,L,A,-1.493674998
29,L,C,-2.592045224
29,L,D,-3.884609582
29,L,E,-0.4859143
29,L,F,1.807791321
29,L,G,-2.347631355
29,L,H,-1.846400638
29,L,I,-1.699118002
29,L,K,-2.828963293
29,L,L,0
29,L,M,-1.368752985
29,L,N,-2.199651237
29,L,P,-2.786908612
29,L,Q,-1.713936753
29,L,R,-2.202896988
29,L,S,-1.610228822
29,L,T,-2.124904277
29,L,V,-1.883623236
29,L,W,-1.577104065
29,L,Y,-0.789341862
29,L,-,-2.607939073
30,D,A,-1.586577896
30,D,C,-1.997413103
30,D,D,0
30,D,E,2.288573177
30,D,F,-3.066712574
30,D,G,-1.742235726
30,D,H,-2.055747938
30,D,I,1.619862939
30,D,K,-1.759839288
30,D,L,-1.075116549
30,D,M,-0.582727127
30,D,N,-1.433941738
30,D,P,-1.917074257
30,D,Q,-1.24384262
30,D,R,-1.675786507
30,D,S,-1.802289887
30,D,T,0.537892783
30,D,V,1.23776118
30,D,W,-1.98561713
30,D,Y,-1.474148213
30,D,-,-2.914388372
31,K,A,-1.937880013
31,K,C,-1.758986585
31,K,D,-2.241065898
31,K,E,-1.502875505
31,K,F,0.747993115
31,K,G,-2.021889331
31,K,H,-0.745466825
31,K,I,-1.629452802
31,K,K,0
31,K,L,-0.627436405
31,K,M,-0.433588706
31,K,N,-1.728456232
31,K,P,-2.726431526
31,K,Q,-1.621944548
31,K,R,-1.609477184
31,K,S,-2.060330982
31,K,T,-2.304503671
31,K,V,-1.871376654
31,K,W,2.556795843
31,K,Y,1.85233235
31,K,-,-2.755444653
33,N,A,-0.837379608
33,N,C,1.451789373
33,N,D,1.981117292
33,N,E,0.686442145
33,N,F,-1.916497045
33,N,G,-0.435779825
33,N,H,1.119735428
33,N,I,-1.568303739
33,N,K,-1.339931659
33,N,L,-1.00981146
33,N,M,-0.902905585
33,N,N,0
33,N,P,-2.771262029
33,N,Q,0.419229473
33,N,R,-1.578194775
33,N,S,0.923826032
33,N,T,0.142591305
33,N,V,-0.357989631
33,N,W,-1.905095462
33,N,Y,-1.293664896
33,N,-,-3.072123345
34,H,A,3.169590798
34,H,C,-1.296803399
34,H,D,-2.026294244
34,H,E,-1.172096787
34,H,F,-2.427125184
34,H,G,-0.792030802
34,H,H,0
34,H,I,-1.486106144
34,H,K,-1.864244697
34,H,L,-1.519981579
34,H,M,-0.678922072
34,H,N,-1.042364084
34,H,P,2.657773535
34,H,Q,-1.603084113
34,H,R,-1.076031319
34,H,S,1.690542483
34,H,T,-0.268389879
34,H,V,2.873163045
34,H,W,-0.327134622
34,H,Y,-1.515592051
34,H,-,-2.71230147
35,E,A,0.587057077
35,E,C,1.792121148
35,E,D,1.413920565
35,E,E,0
35,E,F,-1.773412403
35,E,G,-0.103295483
35,E,H,-0.999620099
35,E,I,-0.703146424
35,E,K,-1.199253155
35,E,L,-0.483273792
35,E,M,1.038520491
35,E,N,-0.605978192
35,E,P,-1.952483012
35,E,Q,0.319742732
35,E,R,-1.579162411
35,E,S,-2.252393548
35,E,T,-2.244417246
35,E,V,1.743809459
35,E,W,-0.965045322
35,E,Y,-1.737133369
35,E,-,-2.439271701
37,E,A,-1.245710537
37,E,C,-2.861086424
37,E,D,-1.679090654
37,E,E,0
37,E,F,-2.575986257
37,E,G,-1.640329633
37,E,H,-2.073115248
37,E,I,-2.750385626
37,E,K,-1.349986562
37,E,L,-1.119730336
37,E,M,-1.185256853
37,E,N,-2.046584079
37,E,P,-0.948705924
37,E,Q,-1.040191719
37,E,R,-1.950860902
37,E,S,-1.8526704
37,E,T,-1.135918345
37,E,V,-1.497093032
37,E,W,-1.77846276
37,E,Y,-2.07932066
37,E,-,-2.468058111
38,D,A,-1.966357321
38,D,C,-2.350536889
38,D,D,0
38,D,E,-0.960791293
38,D,F,-2.202993725
38,D,G,-1.539454912
38,D,H,-1.982170725
38,D,I,-2.093586502
38,D,K,-2.053145861
38,D,L,-1.928483217
38,D,M,-1.549916388
38,D,N,-1.245188009
38,D,P,-2.473839903
38,D,Q,-1.584782648
38,D,R,-2.367515973
38,D,S,-2.045930157
38,D,T,-1.836332845
38,D,V,-1.963734719
38,D,W,-2.409716816
38,D,Y,-2.527085007
38,D,-,-3.586435528
39,L,A,0.944311553
39,L,C,0.790948962
39,L,D,-1.265287938
39,L,E,0.674136986
39,L,F,0.237647691
39,L,G,0.734622525
39,L,H,0.668492968
39,L,I,1.233396335
39,L,K,2.239905237
39,L,L,0
39,L,M,0.478250206
39,L,N,0.502960094
39,L,P,0.139188025
39,L,Q,0.933230025
39,L,R,2.392556481
39,L,S,0.130222196
39,L,T,0.245852108
39,L,V,1.046666987
39,L,W,-0.03485251
39,L,Y,0.269266608
39,L,-,-3.136789429
40,F,A,0.673538534
40,F,C,0.841081741
40,F,D,1.70439448
40,F,E,1.176353005
40,F,F,0
40,F,G,-0.325440284
40,F,H,-0.154629028
40,F,I,-0.740203026
40,F,K,1.343768142
40,F,L,0.449051719
40,F,M,0.677036178
40,F,N,0.716985489
40,F,P,-1.679941396
40,F,Q,0.552601263
40,F,R,1.518323141
40,F,S,0.269266033
40,F,T,-0.808601785
40,F,V,-0.398853588
40,F,W,-0.076093543
40,F,Y,-0.044900809
40,F,-,-3.16773929
41,Y,A,-1.778272114
41,Y,C,-1.656995683
41,Y,D,-2.151274403
41,Y,E,-2.141420994
41,Y,F,-2.186431074
41,Y,G,-2.172099066
41,Y,H,-1.199421801
41,Y,I,-3.516975495
41,Y,K,-2.49179144
41,Y,L,-1.263060578
41,Y,M,-1.754635553
41,Y,N,-1.751902378
41,Y,P,-2.387948596
41,Y,Q,-1.13490304
41,Y,R,1.680029786
41,Y,S,-1.62671786
41,Y,T,-1.827689004
41,Y,V,-1.85766368
41,Y,W,-2.238339336
41,Y,Y,0
41,Y,-,-2.076812036
42,Q,A,-1.532154822
42,Q,C,2.854285246
42,Q,D,-2.165725811
42,Q,E,-1.544639712
42,Q,F,-1.707785902
42,Q,G,-0.659698946
42,Q,H,1.396359235
42,Q,I,1.710103805
42,Q,K,1.729243722
42,Q,L,2.742127321
42,Q,M,2.479722424
42,Q,N,-1.437747661
42,Q,P,-1.962861081
42,Q,Q,0
42,Q,R,0.836305039
42,Q,S,-1.105829747
42,Q,T,0.394244544
42,Q,V,1.91628483
42,Q,W,-2.436008107
42,Q,Y,-2.177500056
42,Q,-,-2.445345361
45,L,A,-2.074592754
45,L,C,-2.236576644
45,L,D,-1.648904551
45,L,E,-2.334910925
45,L,F,-0.605911488
45,L,G,-2.476797686
45,L,H,-1.294714794
45,L,I,0.204580045
45,L,K,-2.143959939
45,L,L,0
45,L,M,-0.11279614
45,L,N,-1.772580139
45,L,P,-1.480500583
45,L,Q,-1.973918431
45,L,R,-2.105413353
45,L,S,-1.668263401
45,L,T,-0.653661582
45,L,V,-1.441386161
45,L,W,-2.153717527
45,L,Y,-1.329596052
45,L,-,-3.526495356
46,A,A,0
46,A,C,-0.927137333
46,A,D,-0.791933765
46,A,E,-1.429262444
46,A,F,-1.059805602
46,A,G,-1.057049021
46,A,H,-0.262704086
46,A,I,-1.18630748
46,A,K,-1.391813936
46,A,L,-1.091111503
46,A,M,-0.818381891
46,A,N,-0.460759049
46,A,P,-1.837061596
46,A,Q,-1.183779106
46,A,R,-1.362555941
46,A,S,-0.537966517
46,A,T,-0.662603192
46,A,V,-1.21522158
46,A,W,-1.265490086
46,A,Y,-0.608412839
46,A,-,-3.768244803
48,W,A,-2.256293218
48,W,C,-2.068176707
48,W,D,-2.650353908
48,W,E,-2.459786266
48,W,F,-2.887904812
48,W,G,-2.500524063
48,W,H,-3.515533344
48,W,I,-4.239463408
48,W,K,-4.539045915
48,W,L,-2.294221797
48,W,M,-2.3232188
48,W,N,-3.385406951
48,W,P,-3.16579284
48,W,Q,-3.167930132
48,W,R,-1.4183125
48,W,S,-2.700679218
48,W,T,-3.468121748
48,W,V,-2.170854605
48,W,W,0
48,W,Y,-3.033214692
48,W,-,-1.217244511
49,N,A,0.711971975
49,N,C,-1.476502325
49,N,D,1.420376661
49,N,E,0.847238765
49,N,F,-1.909559472
49,N,G,-0.450808057
49,N,H,-0.760817056
49,N,I,-0.664295287
49,N,K,-0.765431262
49,N,L,-1.092144825
49,N,M,-0.035336317
49,N,N,0
49,N,P,-2.167417415
49,N,Q,-0.551775427
49,N,R,-1.927039191
49,N,S,0.042937737
49,N,T,0.208667421
49,N,V,-1.343874122
49,N,W,-1.798981908
49,N,Y,-0.585354354
49,N,-,-5
50,Y,A,-0.515704412
50,Y,C,-0.769611526
50,Y,D,-1.373819291
50,Y,E,-1.031218065
50,Y,F,-0.535360358
50,Y,G,-1.186393338
50,Y,H,-0.669209237
50,Y,I,-1.563290141
50,Y,K,-2.478861315
50,Y,L,-1.209201761
50,Y,M,-0.710237566
50,Y,N,-1.657195729
50,Y,P,-1.82059876
50,Y,Q,-1.000299515
50,Y,R,-1.18692146
50,Y,S,-1.356718483
50,Y,T,-1.206871572
50,Y,V,-1.28110479
50,Y,W,0.191940197
50,Y,Y,0
50,Y,-,-2.287143229
51,N,A,0.019525959
51,N,C,-0.34973771
51,N,D,-0.500865398
51,N,E,-1.497940684
51,N,F,-0.45171161
51,N,G,-0.926115052
51,N,H,-0.07041956
51,N,I,-0.577243816
51,N,K,0.400351014
51,N,L,-0.894682989
51,N,M,-0.458666954
51,N,N,0
51,N,P,-1.959539536
51,N,Q,-0.816250916
51,N,R,-0.20048509
51,N,S,-1.052778389
51,N,T,-1.312855679
51,N,V,-0.851178455
51,N,W,-0.397126168
51,N,Y,-0.193512771
51,N,-,-3.448861252
54,I,A,-0.366834459
54,I,C,-0.534428461
54,I,D,-0.663786281
54,I,E,-0.388981818
54,I,F,-0.578662075
54,I,G,-0.202465929
54,I,H,-0.946110277
54,I,I,0
54,I,K,-0.546054607
54,I,L,-0.169431234
54,I,M,-0.309202201
54,I,N,-0.881347846
54,I,P,-0.07034367
54,I,Q,-0.310145802
54,I,R,-0.681501424
54,I,S,-0.594049074
54,I,T,-0.437430058
54,I,V,0.115817311
54,I,W,-0.136365637
54,I,Y,-0.519056549
54,I,-,-3.123286673
56,E,A,0.321653015
56,E,C,-0.459011771
56,E,D,-0.185840689
56,E,E,0
56,E,F,-0.459919751
56,E,G,-0.759142219
56,E,H,-0.783580875
56,E,I,-0.329417585
56,E,K,0.433157466
56,E,L,0.010989206
56,E,M,0.323516397
56,E,N,-0.259735691
56,E,P,0.285002338
56,E,Q,-0.04515765
56,E,R,-0.36651926
56,E,S,-0.15233515
56,E,T,0.087508452
56,E,V,-0.000984827
56,E,W,0.025516578
56,E,Y,-0.261593678
56,E,-,-2.170628006
57,E,A,-0.588195252
57,E,C,-1.160147955
57,E,D,-0.406930851
57,E,E,0
57,E,F,-0.833093178
57,E,G,-0.368578013
57,E,H,-1.3381805
57,E,I,-0.979301202
57,E,K,-0.632394605
57,E,L,-0.671092202
57,E,M,-0.926858916
57,E,N,-1.539125198
57,E,P,-0.93182376
57,E,Q,-0.907519814
57,E,R,-0.680245393
57,E,S,-0.705893702
57,E,T,-0.668374615
57,E,V,-0.679407436
57,E,W,-0.52356411
57,E,Y,-0.834822166
57,E,-,-2.089197885
59,V,A,0.451431813
59,V,C,0.49677491
59,V,D,0.441707428
59,V,E,0.089161009
59,V,F,-0.043589883
59,V,G,0.159183078
59,V,H,0.125507475
59,V,I,0.577171257
59,V,K,0.022410357
59,V,L,0.560759677
59,V,M,0.523503626
59,V,N,0.316138886
59,V,P,-1.398845395
59,V,Q,0.03033752
59,V,R,0.39643252
59,V,S,0.231342352
59,V,T,0.235792372
59,V,V,0
59,V,W,0.384730885
59,V,Y,0.476868635
59,V,-,-3.239804487
60,Q,A,0.224745175
60,Q,C,0.184180643
60,Q,D,0.049292148
60,Q,E,0.213766123
60,Q,F,0.169998472
60,Q,G,0.005759418
60,Q,H,0.02289756
60,Q,I,0.379114071
60,Q,K,0.58240135
60,Q,L,0.44193184
60,Q,M,0.091479519
60,Q,N,0.093374768
60,Q,P,-1.254446444
60,Q,Q,0
60,Q,R,0.602848439
60,Q,S,-0.33776782
60,Q,T,-1.342280941
60,Q,V,0.508396619
60,Q,W,0.116348331
60,Q,Y,0.232605003
60,Q,-,-2.052652351
61,N,A,0.639034619
61,N,C,0.38355507
61,N,D,0.229990992
61,N,E,0.380787029
61,N,F,0.362135458
61,N,G,0.276807043
61,N,H,0.09965129
61,N,I,0.407202311
61,N,K,-0.298949808
61,N,L,0.544868876
61,N,M,0.520519437
61,N,N,0
61,N,P,-0.278304847
61,N,Q,1.088969166
61,N,R,0.533532284
61,N,S,0.526516042
61,N,T,0.322794089
61,N,V,0.640096611
61,N,W,-0.547657948
61,N,Y,0.180586977
61,N,-,-2.849143719
62,M,A,-0.00304733
62,M,C,-0.373391639
62,M,D,-1.748602133
62,M,E,-1.664779337
62,M,F,-0.528800469
62,M,G,-1.177437569
62,M,H,-0.969279379
62,M,I,-0.433221503
62,M,K,0.181042513
62,M,L,-0.205362849
62,M,M,0
62,M,N,-0.726277107
62,M,P,-1.491949719
62,M,Q,-0.48401244
62,M,R,-0.130969753
62,M,S,-0.30119966
62,M,T,-0.757360258
62,M,V,-0.782795497
62,M,W,-0.072218909
62,M,Y,-0.759399221
62,M,-,-2.905572026
63,N,A,0.259898074
63,N,C,0.117807657
63,N,D,0.287570212
63,N,E,0.284907701
63,N,F,0.041062725
63,N,G,-0.278461425
63,N,H,-0.268479838
63,N,I,0.022197023
63,N,K,0.462933821
63,N,L,0.366288033
63,N,M,0.518286803
63,N,N,0
63,N,P,-2.25807489
63,N,Q,0.667471336
63,N,R,0.588030457
63,N,S,-0.739155995
63,N,T,-0.126709049
63,N,V,0.322314725
63,N,W,0.093160589
63,N,Y,-0.148368587
63,N,-,-3.152669295
64,N,A,0.649932826
64,N,C,0.188351266
64,N,D,0.246029255
64,N,E,-0.987537888
64,N,F,0.105057777
64,N,G,0.030958687
64,N,H,0.309643758
64,N,I,0.491531789
64,N,K,1.047209649
64,N,L,-0.163186731
64,N,M,0.011379854
64,N,N,0
64,N,P,-1.342577474
64,N,Q,0.23700975
64,N,R,0.438440064
64,N,S,0.168547732
64,N,T,0.591640322
64,N,V,0.115955791
64,N,W,-0.485526812
64,N,Y,0.445677311
64,N,-,-4.051425356
65,A,A,0
65,A,C,-0.144719092
65,A,D,-1.145149282
65,A,E,-1.168888768
65,A,F,-0.010618041
65,A,G,-1.451920999
65,A,H,0.252703316
65,A,I,0.346068024
65,A,K,0.076853905
65,A,L,-0.077339308
65,A,M,0.12938519
65,A,N,-0.736009497
65,A,P,-0.792689592
65,A,Q,-0.083722149
65,A,R,0.617575566
65,A,S,-1.548115555
65,A,T,-0.73655763
65,A,V,0.390822392
65,A,W,1.626569683
65,A,Y,0.071302893
65,A,-,-3.313782709
67,D,A,0.013714979
67,D,C,0.09807644
67,D,D,0
67,D,E,-0.096189419
67,D,F,0.103656178
67,D,G,-0.273596342
67,D,H,-0.128633402
67,D,I,0.371492866
67,D,K,0.246980363
67,D,L,0.439024162
67,D,M,0.391324601
67,D,N,0.545147013
67,D,P,-1.731023166
67,D,Q,-0.059286672
67,D,R,0.470436913
67,D,S,0.081139909
67,D,T,0.493487469
67,D,V,-0.055183517
67,D,W,0.50135
67,D,Y,0.337327163
67,D,-,-3.334666552
68,K,A,-0.377326014
68,K,C,-0.269227508
68,K,D,-1.655510713
68,K,E,-1.052667031
68,K,F,-0.936057256
68,K,G,-0.647817109
68,K,H,-0.114564014
68,K,I,-0.483933947
68,K,K,0
68,K,L,-1.036727233
68,K,M,-0.952846568
68,K,N,0.200123849
68,K,P,-2.005573811
68,K,Q,-0.606193365
68,K,R,0.363277002
68,K,S,-0.670255444
68,K,T,-0.561136874
68,K,V,-0.440722793
68,K,W,-1.019575487
68,K,Y,-0.93514701
68,K,-,-2.887530924
69,W,A,0.765597339
69,W,C,1.363822433
69,W,D,-1.042481428
69,W,E,-1.010910015
69,W,F,-0.495957303
69,W,G,-0.594820993
69,W,H,-1.336797926
69,W,I,1.998029597
69,W,K,1.909278234
69,W,L,1.12775855
69,W,M,-0.510805697
69,W,N,0.269275357
69,W,P,-1.297872269
69,W,Q,0.51420797
69,W,R,0.900752911
69,W,S,0.421569062
69,W,T,1.898367166
69,W,V,2.442433277
69,W,W,0
69,W,Y,-0.649336314
69,W,-,-1.874089142
71,A,A,0
71,A,C,-0.085078644
71,A,D,-0.033059123
71,A,E,0.002644775
71,A,F,-0.133004606
71,A,G,0.261571985
71,A,H,0.283570764
71,A,I,-0.429785696
71,A,K,0.519140064
71,A,L,0.260759043
71,A,M,-0.28919847
71,A,N,-0.172908342
71,A,P,-1.919144211
71,A,Q,0.192036116
71,A,R,0.506046125
71,A,S,0.136481049
71,A,T,0.368502913
71,A,V,0.042239346
71,A,W,0.138197274
71,A,Y,0.26905184
71,A,-,-4.299480825
72,F,A,-1.0165892
72,F,C,-1.194437375
72,F,D,-1.637796095
72,F,E,-1.710524745
72,F,F,0
72,F,G,-1.565484312
72,F,H,0.585802198
72,F,I,-1.092571488
72,F,K,0.853860073
72,F,L,-0.33732266
72,F,M,-0.545702744
72,F,N,-0.626480562
72,F,P,-2.796143688
72,F,Q,-1.845807134
72,F,R,-0.59399828
72,F,S,-1.03434484
72,F,T,-1.047735881
72,F,V,-0.88673533
72,F,W,1.226167249
72,F,Y,2.171869658
72,F,-,-3.313131877
73,L,A,0.029596
73,L,C,0.129263805
73,L,D,-1.243233166
73,L,E,-0.145520019
73,L,F,-0.360771634
73,L,G,-0.474307538
73,L,H,-0.323461328
73,L,I,-0.115590292
73,L,K,0.17487089
73,L,L,0
73,L,M,-0.044403643
73,L,N,0.031304935
73,L,P,-2.265223741
73,L,Q,-0.020702456
73,L,R,0.481065374
73,L,S,-0.473033429
73,L,T,-0.273825778
73,L,V,0.262016086
73,L,W,0.474476537
73,L,Y,-0.904256399
73,L,-,-1.87959466
74,K,A,0.045197323
74,K,C,-0.293915065
74,K,D,-0.546613182
74,K,E,-0.33413701
74,K,F,-0.155438896
74,K,G,0.166615831
74,K,H,0.271054005
74,K,I,-0.586513979
74,K,K,0
74,K,L,0.023996356
74,K,M,-0.179449031
74,K,N,0.124985593
74,K,P,-1.340809706
74,K,Q,-0.131142544
74,K,R,0.179977903
74,K,S,-0.327127206
74,K,T,-0.016078049
74,K,V,-0.04026786
74,K,W,0.096917968
74,K,Y,-0.350832571
74,K,-,-2.811569941
75,E,A,1.643949439
75,E,C,1.091068123
75,E,D,0.697491345
75,E,E,0
75,E,F,0.449456454
75,E,G,1.735849805
75,E,H,1.351726434
75,E,I,0.893452422
75,E,K,2.325985112
75,E,L,0.642303842
75,E,M,1.089528743
75,E,N,1.065904533
75,E,P,0.284589126
75,E,Q,1.282336759
75,E,R,2.125418057
75,E,S,1.683670601
75,E,T,1.537998019
75,E,V,1.03436189
75,E,W,1.733010678
75,E,Y,1.107069854
75,E,-,-1.896461888
76,Q,A,0.445884755
76,Q,C,0.885428747
76,Q,D,0.509388757
76,Q,E,0.097467562
76,Q,F,1.298481841
76,Q,G,-1.510689845
76,Q,H,-0.04736809
76,Q,I,1.930961352
76,Q,K,0.991543941
76,Q,L,0.575764414
76,Q,M,1.797042384
76,Q,N,-1.577234107
76,Q,P,-1.252832787
76,Q,Q,0
76,Q,R,1.512058375
76,Q,S,0.406214183
76,Q,T,2.065580497
76,Q,V,2.016979415
76,Q,W,-0.241232073
76,Q,Y,1.54532595
76,Q,-,-1.853260813
79,L,A,-0.187424738
79,L,C,-2.303556108
79,L,D,-0.801118392
79,L,E,-1.830801764
79,L,F,2.677372653
79,L,G,-0.87453557
79,L,H,-0.229186008
79,L,I,2.898753556
79,L,K,-0.776912489
79,L,L,0
79,L,M,1.033252222
79,L,N,-0.77592508
79,L,P,1.857801903
79,L,Q,-0.155567363
79,L,R,1.063867399
79,L,S,0.053107909
79,L,T,3.374800071
79,L,V,3.181461174
79,L,W,3.289902364
79,L,Y,2.862483246
79,L,-,-2.343583628
82,M,A,-1.507467862
82,M,C,1.973161077
82,M,D,-1.035775379
82,M,E,-1.858689192
82,M,F,0.127218952
82,M,G,1.113801181
82,M,H,0.197458399
82,M,I,-0.428501783
82,M,K,-0.329522676
82,M,L,0.267389528
82,M,M,0
82,M,N,0.028581526
82,M,P,-1.39213594
82,M,Q,-1.5458685
82,M,R,1.087938468
82,M,S,-0.88870544
82,M,T,-1.465336652
82,M,V,-1.510288911
82,M,W,-0.477906535
82,M,Y,-0.154316249
82,M,-,-2.898001162
83,Y,A,-0.372640699
83,Y,C,0.406019733
83,Y,D,-1.933998872
83,Y,E,-2.565947112
83,Y,F,-0.855281671
83,Y,G,-1.940353072
83,Y,H,-0.667134906
83,Y,I,-0.480199491
83,Y,K,-1.939157577
83,Y,L,0.445559452
83,Y,M,-0.60028472
83,Y,N,-1.813963982
83,Y,P,-1.98812703
83,Y,Q,-2.34837658
83,Y,R,-1.695824297
83,Y,S,-1.268947829
83,Y,T,-2.137980164
83,Y,V,0.741663253
83,Y,W,-0.648034981
83,Y,Y,0
83,Y,-,-1.195962453
84,P,A,-0.139952954
84,P,C,-1.076547526
84,P,D,0.149984854
84,P,E,-0.272836102
84,P,F,-1.046768433
84,P,G,-0.368768837
84,P,H,-1.156695296
84,P,I,-1.84413384
84,P,K,-0.669664668
84,P,L,-0.737955247
84,P,M,-0.971602773
84,P,N,-1.280639462
84,P,P,0
84,P,Q,-0.572553484
84,P,R,-0.827910409
84,P,S,-0.13583136
84,P,T,-0.419131731
84,P,V,-1.505361611
84,P,W,-0.59485394
84,P,Y,-1.458551929
84,P,-,-2.611899148
89,Q,A,0.580023178
89,Q,C,0.647579541
89,Q,D,1.940972542
89,Q,E,1.335307063
89,Q,F,0.341324115
89,Q,G,0.611620964
89,Q,H,0.352727487
89,Q,I,1.601532616
89,Q,K,0.751835925
89,Q,L,0.13799709
89,Q,M,-0.210215798
89,Q,N,0.849661423
89,Q,P,2.493069653
89,Q,Q,0
89,Q,R,0.755113114
89,Q,S,0.197688701
89,Q,T,0.360305558
89,Q,V,0.320600031
89,Q,W,0.108646524
89,Q,Y,0.555534462
89,Q,-,-1.654864054
90,N,A,2.624422604
90,N,C,2.356530339
90,N,D,2.398609943
90,N,E,2.79414169
90,N,F,1.883517383
90,N,G,2.408631123
90,N,H,2.710017576
90,N,I,2.23090629
90,N,K,2.154061026
90,N,L,2.416198569
90,N,M,2.481493912
90,N,N,0
90,N,P,2.005937873
90,N,Q,2.652290255
90,N,R,2.303964638
90,N,S,2.577415515
90,N,T,2.644200465
90,N,V,2.149327878
90,N,W,1.937368655
90,N,Y,1.779436045
90,N,-,-2.86593999
91,L,A,0.835283284
91,L,C,0.88408464
91,L,D,0.486508409
91,L,E,0.30148302
91,L,F,0.017161865
91,L,G,1.10359369
91,L,H,1.075359276
91,L,I,0.456650888
91,L,K,0.312540589
91,L,L,0
91,L,M,0.206574697
91,L,N,0.605989762
91,L,P,2.598002472
91,L,Q,-0.059166333
91,L,R,1.228529945
91,L,S,0.727163562
91,L,T,1.038292288
91,L,V,0.66654482
91,L,W,0.75738023
91,L,Y,0.100887396
91,L,-,-2.730319877
92,T,A,2.387699648
92,T,C,2.92795458
92,T,D,2.553560456
92,T,E,2.748053239
92,T,F,2.709790496
92,T,G,2.544952242
92,T,H,2.927379904
92,T,I,2.534286782
92,T,K,2.409723485
92,T,L,2.701852128
92,T,M,2.643667729
92,T,N,2.742281882
92,T,P,2.242624429
92,T,Q,2.79839084
92,T,R,2.507252471
92,T,S,0.774737882
92,T,T,0
92,T,V,2.69867299
92,T,W,2.740717993
92,T,Y,2.60159172
92,T,-,-2.356706688
93,V,A,-0.865572083
93,V,C,-1.296907292
93,V,D,-1.385688977
93,V,E,-0.750872302
93,V,F,-0.885144731
93,V,G,-1.82024665
93,V,H,-2.769600059
93,V,I,-0.024929521
93,V,K,-1.056030367
93,V,L,-0.484401184
93,V,M,-0.930607563
93,V,N,-1.74998278
93,V,P,1.445644216
93,V,Q,-1.483900692
93,V,R,-1.033364332
93,V,S,-0.854946742
93,V,T,0.366151459
93,V,V,0
93,V,W,-1.161310951
93,V,Y,-1.422198927
93,V,-,-3.321703058
95,L,A,0.331626769
95,L,C,-0.256421042
95,L,D,0.613578305
95,L,E,0.313239323
95,L,F,-0.172875919
95,L,G,-0.04234525
95,L,H,-0.249475635
95,L,I,-0.375172716
95,L,K,0.468549363
95,L,L,0
95,L,M,0.539632836
95,L,N,0.192990012
95,L,P,-0.433634099
95,L,Q,-0.034079913
95,L,R,0.340678706
95,L,S,-0.34099625
95,L,T,-0.01127909
95,L,V,-0.163116459
95,L,W,0.206635462
95,L,Y,0.019486659
95,L,-,-3.533399431
96,Q,A,-0.930408339
96,Q,C,-1.325804369
96,Q,D,-1.568553226
96,Q,E,-0.14777489
96,Q,F,-2.411755875
96,Q,G,-1.279098596
96,Q,H,-1.028943799
96,Q,I,-1.333760057
96,Q,K,-1.015628148
96,Q,L,-1.087563449
96,Q,M,-0.661802018
96,Q,N,-1.89068247
96,Q,P,1.149765004
96,Q,Q,0
96,Q,R,-0.959677256
96,Q,S,-1.19728233
96,Q,T,-1.452292676
96,Q,V,-1.140834051
96,Q,W,-1.337103558
96,Q,Y,-1.294308663
96,Q,-,-2.107319784
98,Q,A,0.013227274
98,Q,C,0.699954727
98,Q,D,0.436605408
98,Q,E,0.572609988
98,Q,F,-0.801234947
98,Q,G,0.318683081
98,Q,H,0.089837612
98,Q,I,0.481047184
98,Q,K,-0.003232169
98,Q,L,0.358529063
98,Q,M,0.725579178
98,Q,N,0.095701724
98,Q,P,-1.940559332
98,Q,Q,0
98,Q,R,0.012517496
98,Q,S,0.598350417
98,Q,T,0.621039686
98,Q,V,0.646385528
98,Q,W,0.309338385
98,Q,Y,-0.318070408
98,Q,-,-2.068956906
102,Q,A,0.145166065
102,Q,C,-0.015210324
102,Q,D,0.167599412
102,Q,E,0.237783983
102,Q,F,-0.138831394
102,Q,G,0.274595236
102,Q,H,0.261521442
102,Q,I,0.149650535
102,Q,K,-0.096722599
102,Q,L,-0.158209017
102,Q,M,-0.50519524
102,Q,N,0.163629364
102,Q,P,1.191328285
102,Q,Q,0
102,Q,R,-0.451259192
102,Q,S,-0.041771784
102,Q,T,0.596898812
102,Q,V,0.124365672
102,Q,W,0.539315275
102,Q,Y,-0.859506461
102,Q,-,-1.535201011
273,R,A,-0.254816718
273,R,C,-0.37013613
273,R,D,-1.521873578
273,R,E,0.116534082
273,R,F,-0.44305911
273,R,G,-0.150406461
273,R,H,-0.223985325
273,R,I,0.19150435
273,R,K,0.241061988
273,R,L,-0.065077542
273,R,M,0.371032199
273,R,N,-0.014816165
273,R,P,-1.396150347
273,R,Q,-0.083014561
273,R,R,0
273,R,S,-0.269735665
273,R,T,-0.400680649
273,R,V,-0.253817873
273,R,W,-0.333174938
273,R,Y,0.178241985
273,R,-,-1.268515031
274,F,A,-0.09298636
274,F,C,-0.021640156
274,F,D,0.038957607
274,F,E,-0.145820745
274,F,F,0
274,F,G,-0.397730672
274,F,H,-0.5624121
274,F,I,0.293075118
274,F,K,0.218836547
274,F,L,0.238614518
274,F,M,-0.19318288
274,F,N,-0.192454214
274,F,P,0.159310018
274,F,Q,0.292931838
274,F,R,0.110468545
274,F,S,-0.219135536
274,F,T,-0.354077877
274,F,V,-0.111321725
274,F,W,-0.034088083
274,F,Y,-0.11458925
274,F,-,-3.406004581
276,T,A,0.029787095
276,T,C,-0.233759168
276,T,D,0.33336967
276,T,E,-0.113483519
276,T,F,-0.14212371
276,T,G,0.102748893
276,T,H,-0.391770047
276,T,I,0.409278758
276,T,K,0.156701062
276,T,L,-0.135454691
276,T,M,0.006268965
276,T,N,-0.002613083
276,T,P,-0.553268836
276,T,Q,-0.062977312
276,T,R,-0.177319356
276,T,S,-0.235246831
276,T,T,0
276,T,V,-0.008366934
276,T,W,-0.151829974
276,T,Y,-0.574318393
276,T,-,-3.908938355
277,N,A,0.119918275
277,N,C,-0.795088487
277,N,D,0.160832204
277,N,E,-0.112592292
277,N,F,0.164322374
277,N,G,0.272018086
277,N,H,0.484133132
277,N,I,-0.654317625
277,N,K,0.67599286
277,N,L,0.118649541
277,N,M,0.128665632
277,N,N,0
277,N,P,-0.05660121
277,N,Q,0.051920207
277,N,R,0.390612623
277,N,S,0.046764681
277,N,T,-0.1512746
277,N,V,0.005155145
277,N,W,-0.264094261
277,N,Y,0.253842707
277,N,-,-4.031416451
290,N,A,0.074918243
290,N,C,0.239730643
290,N,D,0.282436929
290,N,E,0.085353533
290,N,F,-0.31209532
290,N,G,0.097796651
290,N,H,-0.382086808
290,N,I,-0.11554721
290,N,K,0.234533392
290,N,L,0.067968794
290,N,M,-0.004677542
290,N,N,0
290,N,P,-0.140745548
290,N,Q,-0.69005116
290,N,R,0.072375959
290,N,S,0.104513555
290,N,T,0.30905193
290,N,V,-0.110979826
290,N,W,-0.072578549
290,N,Y,0.262460436
290,N,-,-4.065803258
324,T,A,1.401189119
324,T,C,-0.454660578
324,T,D,-0.165555675
324,T,E,2.489454037
324,T,F,-1.152585097
324,T,G,-0.786747614
324,T,H,-0.732932655
324,T,I,-0.21754617
324,T,K,-2.09414729
324,T,L,-1.405848318
324,T,M,-1.212847652
324,T,N,-0.231497256
324,T,P,2.692943139
324,T,Q,0.490972773
324,T,R,-1.311027942
324,T,S,1.047953995
324,T,T,0
324,T,V,-0.202975611
324,T,W,-1.607208707
324,T,Y,-1.003254368
324,T,-,-2.807275707
325,Q,A,-0.24939679
325,Q,C,-0.583533014
325,Q,D,-0.635217943
325,Q,E,0.071162939
325,Q,F,-0.097531608
325,Q,G,0.289272595
325,Q,H,0.362784364
325,Q,I,-0.016780576
325,Q,K,0.078502993
325,Q,L,-0.196925868
325,Q,M,-0.780652105
325,Q,N,-0.469552902
325,Q,P,2.763774113
325,Q,Q,0
325,Q,R,-0.333149881
325,Q,S,-0.321293931
325,Q,T,0.382182855
325,Q,V,0.178685439
325,Q,W,-1.262193182
325,Q,Y,0.365574049
325,Q,-,-1.867780206
326,G,A,-1.640655543
326,G,C,-2.893040139
326,G,D,-2.255879766
326,G,E,-0.90546886
326,G,F,-2.489330002
326,G,G,0
326,G,H,-2.614853183
326,G,I,-1.778219234
326,G,K,-1.998787819
326,G,L,-1.3232512
326,G,M,-1.524039673
326,G,N,-1.692651812
326,G,P,-1.967220811
326,G,Q,-1.907555044
326,G,R,-1.878982924
326,G,S,-2.224580062
326,G,T,-1.753320078
326,G,V,-1.507105291
326,G,W,-2.098188696
326,G,Y,-1.964998367
326,G,-,-1.456073994
329,E,A,0.347861331
329,E,C,-0.307669071
329,E,D,0.342919243
329,E,E,0
329,E,F,-0.588637016
329,E,G,-0.506466064
329,E,H,-1.329233911
329,E,I,-0.598779665
329,E,K,0.101257991
329,E,L,-0.102169135
329,E,M,-0.303846473
329,E,N,-1.092345595
329,E,P,-0.571464576
329,E,Q,0.030163399
329,E,R,-0.472399662
329,E,S,-0.474018399
329,E,T,-0.530388976
329,E,V,-0.304263541
329,E,W,-0.952481497
329,E,Y,-1.121097166
329,E,-,-1.72780144
330,N,A,-0.830738057
330,N,C,-1.860247761
330,N,D,-0.993854894
330,N,E,-0.80169427
330,N,F,2.926671162
330,N,G,-1.555369911
330,N,H,2.641169139
330,N,I,-0.959111102
330,N,K,-1.061681501
330,N,L,2.183314826
330,N,M,-0.377442285
330,N,N,0
330,N,P,-1.376162283
330,N,Q,1.266753226
330,N,R,-1.588946113
330,N,S,-0.838912184
330,N,T,-0.342242261
330,N,V,-0.688040941
330,N,W,2.951594157
330,N,Y,3.080389554
330,N,-,-4.451122581
343,V,A,-0.317206831
343,V,C,-0.185638485
343,V,D,-0.170115726
343,V,E,-1.097600215
343,V,F,-0.75274297
343,V,G,-1.200604072
343,V,H,-0.338644777
343,V,I,-0.005108993
343,V,K,-0.519288521
343,V,L,-0.16887617
343,V,M,-0.355694238
343,V,N,-0.22271076
343,V,P,-2.047265021
343,V,Q,0.139883866
343,V,R,-0.269318002
343,V,S,-0.283787922
343,V,T,-0.684857601
343,V,V,0
343,V,W,-0.441521186
343,V,Y,-0.33930008
343,V,-,-2.91137112
345,H,A,-0.129431653
345,H,C,-0.601189584
345,H,D,-0.107838944
345,H,E,0.112955859
345,H,F,0.069572425
345,H,G,-0.68301494
345,H,H,0
345,H,I,0.14761968
345,H,K,0.421321435
345,H,L,-0.38749635
345,H,M,0.191462938
345,H,N,-0.178401609
345,H,P,-2.515319593
345,H,Q,0.143171121
345,H,R,-0.214772438
345,H,S,-0.116475402
345,H,T,0.217368639
345,H,V,0.267140152
345,H,W,-0.075372533
345,H,Y,-0.255481366
345,H,-,-3.745050558
346,P,A,0.100306152
346,P,C,-0.892486252
346,P,D,-0.662481422
346,P,E,-0.303753358
346,P,F,-1.229452183
346,P,G,-0.45027208
346,P,H,-0.199853027
346,P,I,-1.384520381
346,P,K,-0.90048283
346,P,L,-1.321002309
346,P,M,-1.641134628
346,P,N,-0.568029119
346,P,P,0
346,P,Q,-0.245095126
346,P,R,-1.483804459
346,P,S,-0.066906284
346,P,T,-0.926881953
346,P,V,-0.637603339
346,P,W,-2.076134205
346,P,Y,-1.030246597
346,P,-,-3.47326178
347,T,A,-0.01861974
347,T,C,-0.529708889
347,T,D,0.043415413
347,T,E,-0.618602914
347,T,F,-0.483426743
347,T,G,0.030959122
347,T,H,-1.46469721
347,T,I,-0.761561358
347,T,K,0.527379549
347,T,L,-0.479394665
347,T,M,-0.012679208
347,T,N,-0.040059616
347,T,P,-1.309619511
347,T,Q,-0.701795865
347,T,R,-0.284584466
347,T,S,-0.057368193
347,T,T,0
347,T,V,-0.506518492
347,T,W,-0.376977095
347,T,Y,-0.425700013
347,T,-,-3.265019386
349,W,A,-1.122360644
349,W,C,-1.025178
349,W,D,-1.751602022
349,W,E,-1.57193073
349,W,F,-1.14433305
349,W,G,-1.404616889
349,W,H,-1.037192935
349,W,I,-1.673221206
349,W,K,-1.13522892
349,W,L,-1.468044353
349,W,M,-1.176281191
349,W,N,-2.044943113
349,W,P,-2.231324815
349,W,Q,-1.173808823
349,W,R,-1.055612148
349,W,S,-1.734987422
349,W,T,-1.292966059
349,W,V,-0.743211152
349,W,W,0
349,W,Y,-0.805646383
349,W,-,-1.408207317
350,D,A,-0.491954117
350,D,C,-0.732355859
350,D,D,0
350,D,E,0.118906982
350,D,F,0.548791129
350,D,G,-0.480246314
350,D,H,-1.160372749
350,D,I,-1.379996561
350,D,K,-0.128685902
350,D,L,-1.270025382
350,D,M,-1.711858585
350,D,N,0.062537028
350,D,P,-0.530347666
350,D,Q,-2.008785891
350,D,R,-1.053806609
350,D,S,-0.518966598
350,D,T,-1.324976441
350,D,V,-1.51826924
350,D,W,-1.73859518
350,D,Y,-0.706040299
350,D,-,-3.68537919
351,L,A,-0.314906568
351,L,C,-0.073550409
351,L,D,-2.775700363
351,L,E,-2.425095756
351,L,F,2.216797054
351,L,G,-1.040444435
351,L,H,0.350186136
351,L,I,-0.935523363
351,L,K,-2.331745046
351,L,L,0
351,L,M,0.746614422
351,L,N,-1.293888016
351,L,P,-0.556602413
351,L,Q,-0.16325445
351,L,R,-2.270214716
351,L,S,-1.242222366
351,L,T,-3.204363298
351,L,V,-0.673371703
351,L,W,-2.018824123
351,L,Y,-1.12864278
351,L,-,-3.364444519
352,G,A,0.488827591
352,G,C,0.546891154
352,G,D,-0.78954818
352,G,E,-1.291695078
352,G,F,1.03807873
352,G,G,0
352,G,H,-0.0926597
352,G,I,-2.1124466
352,G,K,1.247419947
352,G,L,-1.018213037
352,G,M,1.1221177
352,G,N,1.074580822
352,G,P,-2.150289224
352,G,Q,-0.094112894
352,G,R,1.213386192
352,G,S,0.780518061
352,G,T,0.898075021
352,G,V,-1.025319393
352,G,W,-1.330477144
352,G,Y,0.808819884
352,G,-,-3.123424062
353,K,A,-2.657472026
353,K,C,-2.149018198
353,K,D,-2.441935309
353,K,E,-1.28952008
353,K,F,-1.706207599
353,K,G,-2.517784201
353,K,H,-2.567836163
353,K,I,-2.201336829
353,K,K,0
353,K,L,-1.984680839
353,K,M,-1.527595771
353,K,N,-1.57445751
353,K,P,-1.85879448
353,K,Q,-1.498379464
353,K,R,-1.442100636
353,K,S,-2.526863931
353,K,T,-1.697881855
353,K,V,-2.524225477
353,K,W,-2.718354567
353,K,Y,-1.664416324
353,K,-,-1.861983907
354,G,A,-1.775367287
354,G,C,-1.748814988
354,G,D,-1.383743172
354,G,E,-1.903916
354,G,F,-2.02116895
354,G,G,0
354,G,H,-0.931026308
354,G,I,-2.498149878
354,G,K,-3.241201791
354,G,L,-1.930898332
354,G,M,-1.741207653
354,G,N,-2.130611361
354,G,P,-1.793484829
354,G,Q,-2.501825187
354,G,R,-2.241238713
354,G,S,-1.744925235
354,G,T,-2.076508254
354,G,V,-1.782802207
354,G,W,-1.721012355
354,G,Y,-1.745074627
354,G,-,-2.268682635
355,D,A,-2.037624373
355,D,C,-2.158469339
355,D,D,0
355,D,E,-1.663271734
355,D,F,-2.162515261
355,D,G,-2.173100032
355,D,H,-2.485223379
355,D,I,-2.554183134
355,D,K,-3.014939596
355,D,L,-2.101042349
355,D,M,-2.120747029
355,D,N,-0.911052386
355,D,P,-2.44321164
355,D,Q,-2.159841103
355,D,R,-2.270953922
355,D,S,-2.24858047
355,D,T,-1.609040344
355,D,V,-1.83715273
355,D,W,-2.238152336
355,D,Y,-2.141015062
355,D,-,-3.909087779
356,F,A,-1.773958882
356,F,C,-1.239766207
356,F,D,-1.546006444
356,F,E,-2.456131376
356,F,F,0
356,F,G,-2.29806708
356,F,H,-0.744440055
356,F,I,-1.776185682
356,F,K,-1.955697552
356,F,L,-1.066789557
356,F,M,-1.285848663
356,F,N,-0.718122189
356,F,P,-3.588194886
356,F,Q,-1.010721572
356,F,R,-1.687959345
356,F,S,-1.256868433
356,F,T,-1.780559508
356,F,V,-1.094711327
356,F,W,-1.183902312
356,F,Y,-0.441861033
356,F,-,-2.885118892
357,R,A,-2.40884055
357,R,C,-2.173937662
357,R,D,-2.619083188
357,R,E,-2.420381931
357,R,F,-2.402617778
357,R,G,-1.842539424
357,R,H,-1.743957469
357,R,I,-2.47519922
357,R,K,-1.441892139
357,R,L,-2.339251017
357,R,M,-1.10528849
357,R,N,-2.614563715
357,R,P,-2.43799999
357,R,Q,-1.727496101
357,R,R,0
357,R,S,-1.899915052
357,R,T,-1.364538857
357,R,V,-2.302541339
357,R,W,-1.51090146
357,R,Y,-2.331580217
357,R,-,-2.181868526
366,M,A,0.1498947
366,M,C,0.056361108
366,M,D,0.354882946
366,M,E,-0.641948214
366,M,F,0.024677274
366,M,G,-0.125107009
366,M,H,-0.143256842
366,M,I,0.058353195
366,M,K,0.140301219
366,M,L,-0.085737183
366,M,M,0
366,M,N,-1.496082816
366,M,P,-0.686048198
366,M,Q,-0.224985896
366,M,R,-0.124927411
366,M,S,-0.327067046
366,M,T,0.034196848
366,M,V,-0.053859871
366,M,W,0.186175576
366,M,Y,0.097000092
366,M,-,-3.586868059
367,D,A,0.017112554
367,D,C,0.464366476
367,D,D,0
367,D,E,0.150876635
367,D,F,0.267035288
367,D,G,0.177076828
367,D,H,-0.623849131
367,D,I,-0.123851654
367,D,K,-0.097440488
367,D,L,0.079955022
367,D,M,-0.304289688
367,D,N,0.410058153
367,D,P,-0.171017678
367,D,Q,-0.016197941
367,D,R,0.061250698
367,D,S,0.237748087
367,D,T,0.271218284
367,D,V,0.287885047
367,D,W,0.058681923
367,D,Y,-0.088509336
367,D,-,-3.134699579
370,L,A,-0.735059354
370,L,C,-0.255147752
370,L,D,-1.147600287
370,L,E,-0.259669086
370,L,F,0.186770436
370,L,G,-0.509446406
370,L,H,-0.536930153
370,L,I,-0.289526025
370,L,K,-0.258382995
370,L,L,0
370,L,M,0.017303735
370,L,N,-0.310743443
370,L,P,-0.688186426
370,L,Q,0.376909602
370,L,R,-0.35212462
370,L,S,-0.700200961
370,L,T,-0.640018418
370,L,V,-0.267628745
370,L,W,-0.1487375
370,L,Y,0.0760998
370,L,-,-2.201827229
371,T,A,-0.19906611
371,T,C,0.138263788
371,T,D,-0.332452342
371,T,E,-0.40761803
371,T,F,-0.023371269
371,T,G,-0.427191079
371,T,H,0.093556098
371,T,I,0.449430585
371,T,K,-0.194365489
371,T,L,-0.220190244
371,T,M,-0.124543505
371,T,N,-0.390736377
371,T,P,-2.385917056
371,T,Q,-0.052633224
371,T,R,0.037027638
371,T,S,-0.231888008
371,T,T,0
371,T,V,0.068137328
371,T,W,-0.267518689
371,T,Y,-0.882694725
371,T,-,-3.033009025
374,H,A,0.087726282
374,H,C,0.280977873
374,H,D,0.198096083
374,H,E,0.507315388
374,H,F,-0.694684591
374,H,G,0.101982284
374,H,H,0
374,H,I,0.092279327
374,H,K,0.454965451
374,H,L,0.004318044
374,H,M,0.275694429
374,H,N,0.596666541
374,H,P,-1.602829109
374,H,Q,0.354597238
374,H,R,0.110711661
374,H,S,0.30186186
374,H,T,0.180764043
374,H,V,0.224193876
374,H,W,-0.212364143
374,H,Y,0.041313893
374,H,-,-4.293108085
378,H,A,0.484428193
378,H,C,0.597700036
378,H,D,0.355636053
378,H,E,0.772689064
378,H,F,0.40462195
378,H,G,0.173002424
378,H,H,0
378,H,I,-0.264767712
378,H,K,0.754007986
378,H,L,0.676940503
378,H,M,-0.107821823
378,H,N,0.308885237
378,H,P,-1.760263761
378,H,Q,0.395352079
378,H,R,0.83154494
378,H,S,0.298554428
378,H,T,0.689704607
378,H,V,0.396327774
378,H,W,-0.203728907
378,H,Y,-0.206776524
378,H,-,-3.295712865
382,D,A,0.326615552
382,D,C,-0.051273703
382,D,D,0
382,D,E,0.235863331
382,D,F,0.504425453
382,D,G,-0.33557203
382,D,H,0.286054142
382,D,I,1.331021354
382,D,K,-1.128595877
382,D,L,-0.773893272
382,D,M,-0.027226355
382,D,N,-0.297049419
382,D,P,-1.18656405
382,D,Q,0.674223158
382,D,R,-0.903277543
382,D,S,0.378684473
382,D,T,0.236147477
382,D,V,1.092263369
382,D,W,-1.724475932
382,D,Y,-0.301941767
382,D,-,-2.509106372
383,M,A,-0.902444867
383,M,C,-0.64996938
383,M,D,-1.289205144
383,M,E,0.145971017
383,M,F,-0.785579
383,M,G,-1.162703023
383,M,H,-0.741508584
383,M,I,-0.234613075
383,M,K,-0.748481796
383,M,L,-0.898032826
383,M,M,0
383,M,N,-2.171106507
383,M,P,-2.289436824
383,M,Q,-0.905376213
383,M,R,-0.437645921
383,M,S,-0.511375893
383,M,T,0.676250072
383,M,V,0.228573016
383,M,W,-2.058633728
383,M,Y,-1.220226582
383,M,-,-2.422739395
386,A,A,0
386,A,C,-0.66083128
386,A,D,-0.235253733
386,A,E,-0.860379936
386,A,F,-1.994551612
386,A,G,-0.600298153
386,A,H,-1.76538985
386,A,I,1.651587717
386,A,K,-2.282846557
386,A,L,2.678295467
386,A,M,0.323906914
386,A,N,-0.825404018
386,A,P,-1.630269421
386,A,Q,-1.585632507
386,A,R,-1.71331196
386,A,S,-0.433545313
386,A,T,-0.360969535
386,A,V,-0.735469889
386,A,W,-1.748972332
386,A,Y,-1.389770612
386,A,-,-2.325531867
387,A,A,0
387,A,C,0.722121691
387,A,D,-0.138506968
387,A,E,0.243276316
387,A,F,-0.113156816
387,A,G,0.211286818
387,A,H,0.653085478
387,A,I,0.614215545
387,A,K,-1.051230553
387,A,L,-0.293500425
387,A,M,-0.081855996
387,A,N,0.434699255
387,A,P,0.226087034
387,A,Q,0.27047794
387,A,R,-0.136250704
387,A,S,0.282122401
387,A,T,-0.042970652
387,A,V,0.247847422
387,A,W,0.647052844
387,A,Y,0.771026656
387,A,-,-4.243445282
388,Q,A,-0.556219336
388,Q,C,0.204717241
388,Q,D,-2.39285838
388,Q,E,-1.319099785
388,Q,F,-1.814696656
388,Q,G,-0.977817259
388,Q,H,0.126573632
388,Q,I,-1.390611782
388,Q,K,-1.036283892
388,Q,L,-1.084467232
388,Q,M,-0.806849704
388,Q,N,-0.321557248
388,Q,P,-3.344994277
388,Q,Q,0
388,Q,R,-0.894004723
388,Q,S,-1.046647799
388,Q,T,-0.368617381
388,Q,V,-0.619427237
388,Q,W,-1.383298673
388,Q,Y,-2.370827095
388,Q,-,-1.724766549
389,P,A,0.076329574
389,P,C,-0.405115866
389,P,D,1.562312861
389,P,E,0.928896434
389,P,F,-0.517510535
389,P,G,-0.543896236
389,P,H,-0.400730258
389,P,I,-2.422556951
389,P,K,-0.910126576
389,P,L,-1.378288477
389,P,M,-1.005979317
389,P,N,0.318553927
389,P,P,0
389,P,Q,-0.544471522
389,P,R,-1.699679507
389,P,S,0.046829041
389,P,T,-0.315222212
389,P,V,-1.208263825
389,P,W,-0.78422559
389,P,Y,-1.224192332
389,P,-,-2.767245906
390,F,A,-1.138078626
390,F,C,-1.355091439
390,F,D,-2.113705555
390,F,E,-2.114548716
390,F,F,0
390,F,G,-1.812910215
390,F,H,-1.821686233
390,F,I,-1.123485019
390,F,K,-0.988738551
390,F,L,-0.779791262
390,F,M,-0.568484285
390,F,N,-1.147411038
390,F,P,-1.216801252
390,F,Q,-1.346086139
390,F,R,-1.457288046
390,F,S,-0.914990788
390,F,T,-1.285238527
390,F,V,-1.16135229
390,F,W,-1.474183136
390,F,Y,-0.952198681
390,F,-,-4.63867659
393,R,A,0.953335812
393,R,C,-0.051966748
393,R,D,-2.290018189
393,R,E,-0.5507715
393,R,F,-1.987839027
393,R,G,-0.265845113
393,R,H,0.241802487
393,R,I,-1.501603384
393,R,K,1.97952458
393,R,L,-0.273165731
393,R,M,0.983834167
393,R,N,-0.784016242
393,R,P,-1.779024427
393,R,Q,0.077918506
393,R,R,0
393,R,S,-0.211521825
393,R,T,-0.150800873
393,R,V,-1.680874865
393,R,W,-2.312693394
393,R,Y,-1.999840342
393,R,-,-2.533257777
394,N,A,-0.063125815
394,N,C,0.207568001
394,N,D,0.29318205
394,N,E,0.48753615
394,N,F,0.113136386
394,N,G,-0.040021618
394,N,H,0.418113439
394,N,I,0.349018833
394,N,K,0.421124823
394,N,L,0.03310545
394,N,M,0.158054981
394,N,N,0
394,N,P,-1.74050511
394,N,Q,-0.085150197
394,N,R,0.580970148
394,N,S,0.264889379
394,N,T,-0.297306481
394,N,V,-0.003870856
394,N,W,0.400133709
394,N,Y,0.59370582
394,N,-,-3.449626319
398,E,A,-0.535549281
398,E,C,0.098804574
398,E,D,0.197063174
398,E,E,0
398,E,F,-0.07539654
398,E,G,0.03692907
398,E,H,-0.805259193
398,E,I,-0.460557848
398,E,K,0.205797456
398,E,L,-0.221450135
398,E,M,-0.09848792
398,E,N,0.144426171
398,E,P,-0.148969105
398,E,Q,0.289797629
398,E,R,0.023980047
398,E,S,-0.100128789
398,E,T,-0.266564268
398,E,V,-0.571307834
398,E,W,-0.177870114
398,E,Y,-0.214113973
398,E,-,-2.017614743
401,H,A,-0.248929138
401,H,C,-0.489948119
401,H,D,-0.196674824
401,H,E,0.235939968
401,H,F,-1.232442788
401,H,G,0.236774293
401,H,H,0
401,H,I,-0.042881011
401,H,K,-0.668169595
401,H,L,-0.697282616
401,H,M,-0.637489595
401,H,N,0.324211769
401,H,P,-0.054056573
401,H,Q,-0.425044494
401,H,R,-0.094610048
401,H,S,0.601641507
401,H,T,0.014262851
401,H,V,-0.397099527
401,H,W,-0.312081
401,H,Y,0.20526749
401,H,-,-3.059627305
402,E,A,0.223923401
402,E,C,-0.346487828
402,E,D,-0.365420378
402,E,E,0
402,E,F,0.237374135
402,E,G,0.051197753
402,E,H,0.017174007
402,E,I,-0.60536578
402,E,K,0.292678754
402,E,L,-0.148093254
402,E,M,0.010297352
402,E,N,-0.282903592
402,E,P,-0.057106553
402,E,Q,0.037168802
402,E,R,-0.530589221
402,E,S,0.076677234
402,E,T,-0.332730399
402,E,V,0.089081598
402,E,W,-0.122205964
402,E,Y,-0.461660683
402,E,-,-2.121065274
406,E,A,0.582978003
406,E,C,-0.160724578
406,E,D,0.060374214
406,E,E,0
406,E,F,-0.271378465
406,E,G,0.419384619
406,E,H,-0.224503323
406,E,I,-0.24558496
406,E,K,0.150604408
406,E,L,0.121184544
406,E,M,-0.077766264
406,E,N,-0.054897165
406,E,P,0.166285222
406,E,Q,0.601855507
406,E,R,-0.217724066
406,E,S,0.622914444
406,E,T,0.118830748
406,E,V,-0.187122044
406,E,W,-0.391403175
406,E,Y,-0.070663306
406,E,-,-2.52924444
409,S,A,0.612527437
409,S,C,0.12704065
409,S,D,-0.217746833
409,S,E,-0.137963753
409,S,F,-0.353991661
409,S,G,0.335344363
409,S,H,-0.305655074
409,S,I,-0.05985772
409,S,K,-0.191685005
409,S,L,0.031142303
409,S,M,-0.075937332
409,S,N,0.309574838
409,S,P,-0.411356868
409,S,Q,0.060759204
409,S,R,0.130410341
409,S,S,0
409,S,T,0.301558215
409,S,V,0.031452135
409,S,W,-0.090237107
409,S,Y,-0.426470841
409,S,-,-1.145665687
438,F,A,-0.170749748
438,F,C,-0.065758119
438,F,D,-0.889694889
438,F,E,0.130457358
438,F,F,0
438,F,G,-0.046394287
438,F,H,-0.069810632
438,F,I,0.037089153
438,F,K,-0.101758479
438,F,L,0.05089836
438,F,M,-0.206640415
438,F,N,0.362849493
438,F,P,-2.293175996
438,F,Q,-0.196928155
438,F,R,-0.074452735
438,F,S,-0.02200734
438,F,T,-0.402290064
438,F,V,-0.114799688
438,F,W,0.242764888
438,F,Y,0.209545286
438,F,-,-2.495302514
441,K,A,0.316504867
441,K,C,-0.015843293
441,K,D,-0.14616601
441,K,E,-0.104298213
441,K,F,0.294137682
441,K,G,0.051963482
441,K,H,0.117284704
441,K,I,-0.40811208
441,K,K,0
441,K,L,-0.131218177
441,K,M,0.297174799
441,K,N,0.119159097
441,K,P,-1.617283861
441,K,Q,0.346895511
441,K,R,0.312539684
441,K,S,0.197691217
441,K,T,0.160454112
441,K,V,-0.076440796
441,K,W,-0.044500742
441,K,Y,0.036940607
441,K,-,-2.121204424
442,Q,A,-0.289800742
442,Q,C,-0.383729954
442,Q,D,-0.01532106
442,Q,E,0.158729237
442,Q,F,-0.903957049
442,Q,G,-0.07809694
442,Q,H,-0.123124004
442,Q,I,-1.683191268
442,Q,K,0.052286468
442,Q,L,-1.014588503
442,Q,M,-0.661219782
442,Q,N,-0.866707655
442,Q,P,-1.464014474
442,Q,Q,0
442,Q,R,-0.107884906
442,Q,S,-0.608264096
442,Q,T,-0.039754868
442,Q,V,-1.13181401
442,Q,W,-1.150222982
442,Q,Y,-0.971336011
442,Q,-,-2.205276296
445,T,A,-0.008369222
445,T,C,-0.391742029
445,T,D,0.05006964
445,T,E,-0.118717636
445,T,F,0.138201129
445,T,G,0.220554878
445,T,H,0.363283492
445,T,I,-0.374158091
445,T,K,0.159842387
445,T,L,-0.241455286
445,T,M,0.422616407
445,T,N,-0.383282483
445,T,P,-0.04136678
445,T,Q,0.510555128
445,T,R,0.292070492
445,T,S,0.043173278
445,T,T,0
445,T,V,-0.21005787
445,T,W,-0.253763104
445,T,Y,-0.044952641
445,T,-,-2.827689857
446,I,A,0.468263139
446,I,C,0.257014272
446,I,D,-0.33915916
446,I,E,-0.937709648
446,I,F,0.200794016
446,I,G,-1.453088629
446,I,H,0.056844841
446,I,I,0
446,I,K,-0.200422345
446,I,L,-0.047456708
446,I,M,0.059171832
446,I,N,-0.179986597
446,I,P,-2.049467953
446,I,Q,0.483765902
446,I,R,-0.436995324
446,I,S,0.059179673
446,I,T,0.427477101
446,I,V,-0.202089009
446,I,W,-0.110172101
446,I,Y,0.106626652
446,I,-,-3.36907554
504,F,A,-0.039790669
504,F,C,-0.429042661
504,F,D,-0.198198948
504,F,E,-0.083188531
504,F,F,0
504,F,G,0.087838322
504,F,H,0.28143594
504,F,I,-0.33180346
504,F,K,0.248120894
504,F,L,-0.035560813
504,F,M,-0.194532149
504,F,N,0.130926436
504,F,P,0.176581977
504,F,Q,0.285158931
504,F,R,-0.267508297
504,F,S,-0.025199905
504,F,T,0.047561117
504,F,V,-0.271092154
504,F,W,0.297463292
504,F,Y,0.111118666
504,F,-,-2.124878382
505,H,A,0.200702754
505,H,C,-0.219999169
505,H,D,-0.075857534
505,H,E,0.197184098
505,H,F,-0.246105825
505,H,G,0.023405151
505,H,H,0
505,H,I,-0.202958199
505,H,K,-0.007908478
505,H,L,-0.201688622
505,H,M,-0.140455332
505,H,N,-0.168077675
505,H,P,0.123147751
505,H,Q,0.241999357
505,H,R,-0.345238252
505,H,S,0.27341106
505,H,T,-0.409331543
505,H,V,-0.093153454
505,H,W,-0.567510224
505,H,Y,0.009456186
505,H,-,-2.133728876
509,D,A,-0.476859357
509,D,C,-1.305072064
509,D,D,0
509,D,E,-0.041946973
509,D,F,-1.795408575
509,D,G,0.225757282
509,D,H,0.025715074
509,D,I,-1.304285798
509,D,K,-0.348710383
509,D,L,-1.776379552
509,D,M,-1.74138034
509,D,N,-0.413777865
509,D,P,-1.686716817
509,D,Q,-1.256707662
509,D,R,-0.986928066
509,D,S,-0.378099907
509,D,T,-0.466870061
509,D,V,-1.45273964
509,D,W,-1.77846256
509,D,Y,-0.942921896
509,D,-,-2.813404665
510,Y,A,0.20985556
510,Y,C,-0.042356457
510,Y,D,-0.005490083
510,Y,E,-0.051720286
510,Y,F,0.149361759
510,Y,G,-0.008293956
510,Y,H,0.246017376
510,Y,I,0.087382977
510,Y,K,0.147019051
510,Y,L,0.431529214
510,Y,M,0.302715503
510,Y,N,0.153781986
510,Y,P,-0.89602696
510,Y,Q,-0.139196607
510,Y,R,0.156373571
510,Y,S,-0.228923074
510,Y,T,-0.542774222
510,Y,V,0.188468245
510,Y,W,-0.022635753
510,Y,Y,0
510,Y,-,-0.966201222
511,S,A,0.046999989
511,S,C,-0.149689729
511,S,D,1.075372365
511,S,E,0.50345024
511,S,F,0.053829778
511,S,G,0.106473254
511,S,H,-0.244138325
511,S,I,-0.086591172
511,S,K,-0.149878713
511,S,L,-0.856718999
511,S,M,-0.115992682
511,S,N,0.403411361
511,S,P,-0.096523335
511,S,Q,0.506116311
511,S,R,-0.09771017
511,S,S,0
511,S,T,0.148140315
511,S,V,0.109463267
511,S,W,-0.767899167
511,S,Y,-0.210473493
511,S,-,-0.925149776
512,F,A,0.185881737
512,F,C,-0.382926955
512,F,D,-0.01758902
512,F,E,-0.024125241
512,F,F,0
512,F,G,0.05591172
512,F,H,-0.72017811
512,F,I,0.007554134
512,F,K,-1.101626647
512,F,L,-0.231650101
512,F,M,0.233960434
512,F,N,0.009404079
512,F,P,-0.876526073
512,F,Q,-0.29027988
512,F,R,-0.450192855
512,F,S,-0.228383143
512,F,T,0.14060706
512,F,V,-0.15399727
512,F,W,0.254215203
512,F,Y,0.195659131
512,F,-,-2.51300287
514,R,A,0.05801903
514,R,C,-0.132684394
514,R,D,0.197150635
514,R,E,0.410092854
514,R,F,-0.330178653
514,R,G,-0.241971062
514,R,H,0.045734486
514,R,I,-0.458054938
514,R,K,0.563855351
514,R,L,-0.034238019
514,R,M,-0.257894161
514,R,N,-0.139931367
514,R,P,0.246531045
514,R,Q,0.385395551
514,R,R,0
514,R,S,-0.250793213
514,R,T,0.003177585
514,R,V,-0.037043076
514,R,W,-0.1903989
514,R,Y,-0.545804412
514,R,-,-1.385470205
515,Y,A,-0.156297607
515,Y,C,-0.617122094
515,Y,D,0.205401742
515,Y,E,-0.198496414
515,Y,F,0.288127986
515,Y,G,-0.441114751
515,Y,H,0.047346865
515,Y,I,0.170535908
515,Y,K,-0.324110934
515,Y,L,0.039037663
515,Y,M,0.35237578
515,Y,N,-0.633290081
515,Y,P,0.072405185
515,Y,Q,-0.387749416
515,Y,R,-0.087447116
515,Y,S,0.003492302
515,Y,T,0.206652707
515,Y,V,0.194207033
515,Y,W,0.150736317
515,Y,Y,0
515,Y,-,-0.842638959
518,R,A,0.532564128
518,R,C,-0.511196903
518,R,D,-1.53525731
518,R,E,-0.331560036
518,R,F,-0.640448227
518,R,G,1.619144971
518,R,H,-0.022035935
518,R,I,-1.086673457
518,R,K,-0.022505822
518,R,L,-0.610556678
518,R,M,0.205059551
518,R,N,-0.195369939
518,R,P,-1.282065408
518,R,Q,-0.225430478
518,R,R,0
518,R,S,0.06997277
518,R,T,-0.34082089
518,R,V,-0.415273045
518,R,W,-0.414949008
518,R,Y,-0.984860786
518,R,-,-2.87862453